date,amount,currency,raw_description
2026-04-05,649.00,INR,UPI-NETFLIX.COM*9812-MUMBAI-paytm@paytm
2026-05-04,649.00,INR,POS 416021XXXXXX1029 NETFLIX ENTERTAINMENT MUMBAI
2026-06-05,649.00,INR,ACH D- NETFLIX INDIA 000123984
2026-07-05,649.00,INR,UPI-NETFLIX.COM*5512-paytm@paytm
2026-04-10,119.00,INR,UPI-SPOTIFY-INDIA-PAYU@axisbank
2026-05-11,119.00,INR,POS 552140XXXXXX8812 SPOTIFY INDIA BANGALORE
2026-06-09,119.00,INR,UPI-SPOTIFY-RECURRING@paytm
2026-04-12,450.00,INR,SWIGGY BANGALORE
2026-04-18,220.00,INR,UBER INDIA BANGALORE
2026-05-02,380.00,INR,ZOMATO GURGAON
2026-05-15,1200.00,INR,ELECTRICITY BILL DESK MUMBAI
2026-06-01,540.00,INR,SWIGGY BANGALORE